wifiStandard,nStations,distance,propagationModel,dataRate,udp_throughputMbps_mean,udp_throughputPerNodeMbps_mean,udp_pdr_mean,udp_meanDelay_mean,udp_jainFairness_mean,udp_efficiency_mean,tcp_throughputMbps_mean,tcp_throughputPerNodeMbps_mean,tcp_pdr_mean,tcp_meanDelay_mean,tcp_jainFairness_mean,tcp_efficiency_mean,delta_tcp_minus_udp_throughputMbps_mean,ratio_tcp_over_udp_throughputMbps_mean,delta_tcp_minus_udp_throughputPerNodeMbps_mean,ratio_tcp_over_udp_throughputPerNodeMbps_mean,delta_tcp_minus_udp_pdr_mean,ratio_tcp_over_udp_pdr_mean,delta_tcp_minus_udp_meanDelay_mean,ratio_tcp_over_udp_meanDelay_mean,delta_tcp_minus_udp_jainFairness_mean,ratio_tcp_over_udp_jainFairness_mean,delta_tcp_minus_udp_efficiency_mean,ratio_tcp_over_udp_efficiency_mean
80211ax,5.0,5.0,friis,1mbps,5.141930666666666,1.0283861333333333,1.0,8.766666666666667e-05,0.9999999999999496,1.0283861333333333,5.499857666666667,1.0999715333333333,1.0,0.0001694666666666,0.9999997100306212,1.0999715333333333,0.357927000000001,1.0696094566813816,0.07158540000000002,1.0696094566813814,0.0,1.0,8.179999999993333e-05,1.9330798479079847,-2.8996932843750045e-07,0.9999997100306716,0.07158540000000002,1.0696094566813814
80211ax,5.0,5.0,friis-nakagami,1mbps,5.141888000000001,1.0283776,1.0,0.0005776666666666,0.999999999604117,1.0283776,5.406978,1.0813956,1.0,0.0002406,0.9982545096483848,1.0813956,0.26508999999999894,1.0515549930297974,0.05301800000000001,1.0515549930297976,0.0,1.0,-0.0003370666666666,0.4165031736872956,-0.0017454899557322046,0.9982545100435768,0.05301800000000001,1.0515549930297976
80211ax,5.0,5.0,logdistance,1mbps,5.141928666666666,1.0283857333333335,1.0,9.1e-05,0.9999999999991426,1.0283857333333335,5.500208,1.1000416,1.0,0.0001333333333333,0.999999758780309,1.1000416,0.35827933333333384,1.069678005386565,0.07165586666666646,1.0696780053865649,0.0,1.0,4.23333333333e-05,1.465201465201099,-2.412188335743082e-07,0.9999997587811664,0.07165586666666646,1.0696780053865649
80211ax,5.0,10.0,friis,1mbps,5.141931333333333,1.0283862666666663,1.0,8.800000000000001e-05,1.0,1.0283862666666663,5.4999226666666665,1.0999845333333331,1.0,0.0001698,0.999999712652494,1.0999845333333331,0.35799133333333355,1.0696219591678717,0.0715982666666668,1.0696219591678717,0.0,1.0,8.18e-05,1.9295454545454545,-2.8734750601167036e-07,0.999999712652494,0.0715982666666668,1.0696219591678717
80211ax,5.0,10.0,friis-nakagami,1mbps,5.141582666666667,1.0283165333333333,0.9998666666666668,0.0007166666666666,0.9999999670448712,1.0283165333333333,5.496959,1.0993918,1.0,0.0002517333333333,0.999998991874523,1.0993918,0.35537633333333307,1.0691180821884416,0.07107526666666675,1.0691180821884416,0.00013333333333320763,1.0001333511134816,-0.0004649333333333,0.35125581395347455,-9.751703481386542e-07,0.9999990248296198,0.07107526666666675,1.0691180821884416
80211ax,5.0,10.0,logdistance,1mbps,5.141915,1.028383,1.0,0.0001133333333333,0.9999999999883254,1.028383,5.500179333333334,1.1000358666666668,0.9999316379546076,0.0001609333333333,0.9999997583380814,1.1000358666666668,0.3582643333333344,1.0696752733822583,0.0716528666666667,1.069675273382258,-6.836204539240054e-05,0.9999316379546076,4.759999999999999e-05,1.4200000000001234,-2.41650244037217e-07,0.999999758349756,0.0716528666666667,1.069675273382258
80211ax,5.0,20.0,friis,1mbps,5.141923666666667,1.0283847333333334,1.0,8.833333333333333e-05,0.99999999997771,1.0283847333333334,5.499917666666668,1.0999835333333334,1.0,0.0001736666666666,0.9999997203789802,1.0999835333333334,0.3579940000000006,1.0696225815876563,0.07159880000000007,1.069622581587656,0.0,1.0,8.533333333326666e-05,1.9660377358483019,-2.7959872983540635e-07,0.9999997204012702,0.07159880000000007,1.069622581587656
80211ax,5.0,20.0,friis-nakagami,1mbps,5.141808,1.0283616,0.9996,0.0015406666666666,0.9999999981861686,1.0283616,5.402850333333333,1.0805700666666669,0.9999297209923396,0.0003878,0.9983112151960392,1.0805700666666669,0.26104233333333315,1.0507685882734892,0.0522084666666669,1.0507685882734894,0.0003297209923395217,1.000329852933513,-0.0011528666666666,0.2517092167892796,-0.0016887829901294227,0.9983112170068074,0.0522084666666669,1.0507685882734894
80211ax,5.0,20.0,logdistance,1mbps,3.0851486666666665,0.6170297333333333,0.6,6.8e-05,0.5999999999920994,0.6170297333333333,3.3014463333333333,0.6602892666666667,0.9993173284611032,5.986666666666667e-05,0.599999945917488,0.6602892666666667,0.21629766666666672,1.070109317260346,0.04325953333333332,1.070109317260346,0.39931732846110324,1.6655288807685054,-8.133333333333332e-06,0.8803921568627451,-5.4074611455234844e-08,0.9999999098756476,0.04325953333333332,1.070109317260346
80211ax,5.0,30.0,friis,1mbps,5.141926333333333,1.0283852666666666,1.0,9.433333333333331e-05,0.9999999999988908,1.0283852666666666,5.499932666666667,1.0999865333333334,1.0,0.0001804666666666,0.999999715813305,1.0999865333333334,0.35800633333333387,1.0696249440627927,0.07160126666666677,1.0696249440627927,0.0,1.0,8.613333333326668e-05,1.91307420494629,-2.84185585730512e-07,0.9999997158144143,0.07160126666666677,1.0696249440627927
80211ax,5.0,30.0,friis-nakagami,1mbps,5.141405333333333,1.0282810666666666,0.9997333333333334,0.0018526666666666,0.9999999510982338,1.0282810666666666,5.447859666666666,1.0895719333333334,0.9997947594785318,0.0007009999999999,0.9991325897832568,1.0895719333333334,0.30645433333333294,1.0596051689110162,0.06129086666666672,1.0596051689110164,6.142614519843992e-05,1.000061442529873,-0.0011516666666667,0.3783735156530723,-0.0008673613149769999,0.9991326386426075,0.06129086666666672,1.0596051689110164
80211ax,5.0,30.0,logdistance,1mbps,2.0567666666666664,0.4113533333333333,0.4000000000000001,4.366666666666666e-05,0.3999999999957764,0.4113533333333333,2.201033,0.4402066,0.9984652113704724,3.8133333333333336e-05,0.3999999489129084,0.4402066,0.14426633333333339,1.0701422945399737,0.02885326666666671,1.070142294539974,0.5984652113704723,2.4961630284261807,-5.533333333333323e-06,0.8732824427480919,-5.108286799115902e-08,0.99999987229283,0.02885326666666671,1.070142294539974
80211ax,5.0,40.0,friis,1mbps,5.141924333333333,1.0283848666666666,1.0,0.0001013333333333,0.9999999999934948,1.0283848666666666,5.499915666666666,1.0999831333333334,1.0,0.000189,0.9999997133801825,1.0999831333333334,0.35799133333333355,1.0696220539482852,0.0715982666666668,1.0696220539482852,0.0,1.0,8.766666666670002e-05,1.865131578947982,-2.86613312305839e-07,0.9999997133866877,0.0715982666666668,1.0696220539482852
80211ax,5.0,40.0,friis-nakagami,1mbps,5.139052333333333,1.0278104666666663,0.9992,0.002414,0.9999985218025268,1.0278104666666663,5.395869666666667,1.0791739333333334,0.9997224142764104,0.0013873333333333,0.9982819155661612,1.0791739333333334,0.2568173333333341,1.0499736754318583,0.051363466666667135,1.0499736754318587,0.0005224142764104212,1.0005228325424445,-0.0010266666666667,0.5747031206848798,-0.0017166062363656032,0.9982833912261476,0.051363466666667135,1.0499736754318587
80211ax,5.0,40.0,logdistance,1mbps,2.056764,0.4113527999999999,0.4000000000000001,4.7e-05,0.3999999999928767,0.4113527999999999,2.201026666666667,0.4402053333333333,0.9984652113704724,4.273333333333333e-05,0.3999999495177183,0.4402053333333333,0.1442626666666671,1.070140602746191,0.028852533333333374,1.070140602746191,0.5984652113704723,2.4961630284261807,-4.266666666666664e-06,0.9092198581560285,-5.04751584418095e-08,0.9999998738121039,0.028852533333333374,1.070140602746191
80211ax,5.0,50.0,friis,1mbps,5.141919333333333,1.0283838666666665,1.0,0.0001043333333333,0.9999999999953606,1.0283838666666665,5.499892666666667,1.0999785333333334,1.0,0.0001583999999999,0.9999997045889154,1.0999785333333334,0.3579733333333337,1.0696186210103906,0.07159466666666692,1.0696186210103908,0.0,1.0,5.406666666660001e-05,1.518210862619335,-2.954064451943239e-07,0.9999997045935548,0.07159466666666692,1.0696186210103908
80211ax,5.0,50.0,friis-nakagami,1mbps,5.141544333333333,1.0283088666666669,0.9996666666666668,0.0029706666666666,0.9999999858859095,1.0283088666666669,5.350821666666668,1.0701643333333333,0.999929750614682,0.0025340666666666,0.9977141175794384,1.0701643333333333,0.2092773333333353,1.0407032050616702,0.0418554666666664,1.0407032050616696,0.00026308394801521917,1.000263171671906,-0.00043659999999999966,0.8530296229802482,-0.0022858683064711505,0.9977141316612659,0.0418554666666664,1.0407032050616696
80211ax,5.0,50.0,logdistance,1mbps,2.056758,0.4113516,0.4000000000000001,5.633333333333333e-05,0.3999999999796388,0.4113516,2.20102,0.440204,0.9984652113704724,5.026666666666667e-05,0.3999999501657911,0.440204,0.14426200000000033,1.070140483226515,0.0288524,1.0701404832265147,0.5984652113704723,2.4961630284261807,-6.0666666666666605e-06,0.8923076923076925,-4.981384771340913e-08,0.9999998754653807,0.0288524,1.0701404832265147
80211ax,10.0,5.0,friis,2mbps,20.549935666666663,2.0549935666666665,0.9996666666666668,0.000188,0.99999983851191,1.0274967833333333,21.253365,2.1253365,0.9999911149020864,0.0007937333333333,0.9957538078674116,1.06266825,0.7034293333333359,1.0342302450354792,0.07034293333333341,1.0342302450354792,0.0003244482354195499,1.0003245564208931,0.0006057333333333,4.22198581560266,-0.004246030644498355,0.9957539686698181,0.035171466666666706,1.0342302450354792
80211ax,10.0,5.0,friis-nakagami,2mbps,20.548835333333333,2.0548835333333333,0.9994333333333332,0.0012633333333333,0.999999866180595,1.0274417666666666,21.863048000000003,2.1863048,0.9996734223016278,0.0025907333333333,0.999527746233058,1.0931524,1.3142126666666698,1.0639555792505095,0.13142126666666654,1.0639555792505093,0.00024008896829463833,1.0002402250958489,0.0013274000000000003,2.050712401055437,-0.0004721199475370419,0.9995278799892842,0.06571063333333327,1.0639555792505093
80211ax,10.0,5.0,logdistance,2mbps,20.549059666666665,2.0549059666666665,0.9996333333333332,0.000251,0.9999998467399892,1.0274529833333332,21.704523333333334,2.170452333333333,0.9999133731105648,0.0015070333333333,0.9985981344477952,1.0852261666666667,1.1554636666666696,1.0562295153846377,0.11554636666666651,1.0562295153846375,0.0002800397772316776,1.000280142496147,0.0012560333333333001,6.0041168658697215,-0.0014017122921939906,0.9985982874929795,0.05777318333333348,1.0562295153846377
80211ax,10.0,10.0,friis,2mbps,20.550251666666668,2.055025166666667,0.9996666666666668,0.000191,0.9999999083645252,1.0275125833333334,21.703915,2.1703915,0.9998440316011404,0.0008052333333333,0.9985941107855806,1.08519575,1.1536633333333306,1.056138647450465,0.11536633333333324,1.056138647450465,0.00017736493447362278,1.0001774240758323,0.0006142333333333,4.215881326352356,-0.0014057975789446564,0.9985942022922344,0.05768316666666662,1.056138647450465
80211ax,10.0,10.0,friis-nakagami,2mbps,20.540835666666663,2.0540835666666664,0.999,0.0027033333333333,0.9999988732319895,1.0270417833333332,21.838324333333333,2.183832433333334,0.9997246024820048,0.0056810666666666,0.9994923497828476,1.091916216666667,1.2974886666666698,1.0631663038311636,0.12974886666666752,1.0631663038311638,0.000724602482004788,1.0007253278098147,0.0029777333333333,2.101504315659681,-0.0005065234491419268,0.9994934759801231,0.06487443333333376,1.0631663038311638
80211ax,10.0,10.0,logdistance,2mbps,12.334122333333331,1.2334122333333333,0.6002,0.000124,0.5999999999101048,0.6167061166666666,13.194325333333332,1.3194325333333332,0.9995584288880488,0.0001264333333333,0.5999997888313214,0.6597162666666666,0.8602030000000003,1.0697417276035341,0.08602029999999994,1.0697417276035341,0.39935842888804884,1.6653755896168758,2.43333333329999e-06,1.0196236559137095,-2.1107878334092334e-07,0.9999996482020277,0.04301014999999997,1.0697417276035341
80211ax,10.0,20.0,friis,2mbps,20.54877433333333,2.054877433333333,0.9995666666666668,0.000218,0.9999998143804422,1.0274387166666668,21.70207633333333,2.1702076333333333,0.999844661797642,0.0011788333333333,0.9975821956526087,1.0851038166666669,1.153302,1.056125099302354,0.11533020000000027,1.0561250993023543,0.0002779951309751505,1.0002781156477558,0.0009608333333333,5.407492354739908,-0.002417618727833415,0.9975823808234092,0.057665100000000136,1.0561250993023543
80211ax,10.0,20.0,friis-nakagami,2mbps,20.509611666666668,2.0509611666666667,0.9964,0.0101096666666666,0.9999866961497405,1.0254805833333334,20.909924333333333,2.0909924333333336,0.9965037541753706,0.0198020333333333,0.9935006912217852,1.0454962166666668,0.40031266666666454,1.0195182957714053,0.0400312666666669,1.0195182957714055,0.00010375417537067388,1.0001041290399144,0.009692366666666698,1.9587226746678192,-0.006486004927955258,0.9935139087820584,0.02001563333333345,1.0195182957714055
80211ax,10.0,20.0,logdistance,2mbps,6.167135333333333,0.6167135333333333,0.3001,3.5e-05,0.2999999999962296,0.3083567666666666,6.599387666666668,0.6599387666666666,0.9988051207633966,6.126666666666667e-05,0.299999916615068,0.3299693833333333,0.43225233333333435,1.070089646159865,0.04322523333333328,1.0700896461598648,0.6987051207633965,3.328240988881695,2.6266666666666677e-05,1.7504761904761907,-8.338116164186005e-08,0.9999997220627945,0.021612616666666695,1.070089646159865
80211ax,10.0,30.0,friis,2mbps,20.55011633333333,2.0550116333333333,0.9996666666666668,0.0002566666666666,0.9999998552361395,1.0275058166666666,21.79478966666667,2.1794789666666667,0.9998626348037531,0.0016451,0.9991474731860768,1.0897394833333334,1.2446733333333384,1.0605677025445552,0.12446733333333349,1.060567702544555,0.0001959681370863331,1.0001960334815803,0.0013884333333334,6.409480519482185,-0.0008523820500627721,0.999147617826543,0.06223366666666674,1.060567702544555
80211ax,10.0,30.0,friis-nakagami,2mbps,19.640795333333333,1.9640795333333336,0.9380666666666668,0.0366403333333333,0.9899557473758508,0.9820397666666668,17.685676333333337,1.7685676333333336,0.9913757516320104,0.0352035333333333,0.8853112824747447,0.8842838166666668,-1.9551189999999963,0.9004562204931758,-0.19551190000000007,0.9004562204931755,0.05330908496534359,1.056828674186636,-0.001436800000000002,0.9607863829477533,-0.10464446490110613,0.8942937952746929,-0.09775595000000004,0.9004562204931755
80211ax,10.0,30.0,logdistance,2mbps,4.111424666666667,0.4111424666666667,0.2001,2.2333333333333332e-05,0.1999999999985683,0.2055712333333333,4.400930333333334,0.4400930333333333,0.9979541380422564,2.576666666666667e-05,0.1999999654066033,0.2200465166666666,0.2895056666666669,1.0704149267318044,0.02895056666666662,1.0704149267318044,0.7978541380422564,4.98727705168544,3.4333333333333366e-06,1.1537313432835823,-3.459196498689643e-08,0.9999998270401751,0.01447528333333331,1.0704149267318044
80211ax,10.0,40.0,friis,2mbps,20.548607666666665,2.0548607666666663,0.9996,0.0002946666666666,0.9999997832183602,1.0274303833333331,21.70109233333333,2.170109233333333,0.999705700350336,0.0027278,0.9977275751553104,1.0850546166666666,1.1524846666666662,1.0560857789180622,0.11524846666666688,1.0560857789180624,0.00010570035033596881,1.000105742647395,0.0024331333333334,9.25723981900662,-0.002272208063049841,0.9977277914443771,0.05762423333333344,1.0560857789180624
80211ax,10.0,40.0,friis-nakagami,2mbps,16.607459000000002,1.6607459,0.7555333333333333,0.0868963333333333,0.8682992680903187,0.83037295,14.485395666666667,1.4485395666666667,0.9929521318964316,0.0387222666666666,0.7070334390447582,0.7242697833333334,-2.122063333333335,0.8722222747421303,-0.21220633333333327,0.8722222747421304,0.23741879856309833,1.3142400051571936,-0.048174066666666696,0.4456145061740229,-0.16126582904556042,0.8142739088099912,-0.10610316666666664,0.8722222747421304
80211ax,10.0,40.0,logdistance,2mbps,4.111421,0.4111421,0.2001,2.4333333333333333e-05,0.1999999999969474,0.20557105,4.400891333333333,0.4400891333333334,0.9979541380422564,2.79e-05,0.1999999660609042,0.2200445666666667,0.28947033333333305,1.070406395582776,0.028947033333333372,1.0704063955827763,0.7978541380422564,4.98727705168544,3.5666666666666675e-06,1.1465753424657534,-3.3936043197790866e-08,0.999999830319784,0.014473516666666686,1.0704063955827763
80211ax,10.0,50.0,friis,2mbps,16.44299666666667,1.6442996666666667,0.7999666666666667,0.0001936666666666,0.7999999414341659,0.8221498333333334,17.316363666666664,1.7316363666666663,0.9997179462838364,0.0006314666666666,0.7989489772728621,0.8658181833333333,0.8733669999999947,1.0531148316638954,0.0873366999999996,1.0531148316638956,0.19975127961716965,1.249699503667448,0.0004378,3.2605851979353737,-0.0010509641613037912,0.9986862947021975,0.04366834999999991,1.0531148316638956
80211ax,10.0,50.0,friis-nakagami,2mbps,13.997013333333332,1.3997013333333337,0.6368333333333333,0.111858,0.7328509072569779,0.6998506666666667,11.901625,1.1901624999999998,0.9892044074805548,0.0904511666666666,0.611116249763341,0.5950812499999999,-2.0953883333333323,0.8502974682217921,-0.2095388333333339,0.8502974682217918,0.3523710741472216,1.5533175725944333,-0.021406833333333403,0.8086249232658066,-0.12173465749363688,0.8338889175299199,-0.10476941666666684,0.8502974682217919
80211ax,10.0,50.0,logdistance,2mbps,4.111408333333333,0.4111408333333333,0.2001,2.9333333333333333e-05,0.1999999999900495,0.2055704166666666,4.400868333333334,0.4400868333333333,0.9979541380422564,3.196666666666667e-05,0.1999999663987025,0.2200434166666666,0.28946000000000094,1.0704040991631012,0.028946000000000027,1.0704040991631012,0.7978541380422564,4.98727705168544,2.633333333333334e-06,1.0897727272727273,-3.35913470095317e-08,0.9999998320432649,0.014473000000000014,1.0704040991631012
80211ax,20.0,5.0,friis,2mbps,41.03407033333333,2.0517035166666666,0.9980666666666668,0.0010206666666666,0.9999975755519628,1.0258517583333333,42.665771,2.13328855,0.9981844544529864,0.01469115,0.9944552925435532,1.066644275,1.6317006666666671,1.039764533554966,0.08158503333333345,1.0397645335549661,0.00011778778631965636,1.0001180159504905,0.0136704833333334,14.393680600915376,-0.005542283008409532,0.9944577035545807,0.04079251666666672,1.0397645335549661
80211ax,20.0,5.0,friis-nakagami,2mbps,40.866317,2.04331585,0.9918333333333336,0.0230346666666666,0.9999663549596352,1.021657925,41.23334866666666,2.061667433333333,0.9973325229730442,0.0240327999999999,0.9873349598516392,1.0308337166666666,0.3670316666666551,1.0089812758675232,0.0183515833333332,1.0089812758675234,0.005499189639710633,1.0055444694737463,0.0009981333333333002,1.0433317897661483,-0.012631395107995935,0.9873681798939067,0.0091757916666666,1.0089812758675234
80211ax,20.0,5.0,logdistance,2mbps,22.603174,1.1301587,0.5501,0.0001593333333333,0.5499998686969289,0.56507935,23.70415233333333,1.1852076166666663,0.9992334321761546,0.00158095,0.5473256759335655,0.5926038083333333,1.1009783333333303,1.0487090146425158,0.05504891666666634,1.0487090146425155,0.44913343217615453,1.8164577934487447,0.0014216166666667,9.92228033473011,-0.0026741927633633367,0.9951378301785797,0.02752445833333328,1.0487090146425158
80211ax,20.0,10.0,friis,2mbps,41.022084666666665,2.051104233333333,0.9971333333333332,0.0053276666666666,0.9999953425321764,1.0255521166666666,40.86391533333334,2.043195766666667,0.9976084927127424,0.0169440833333333,0.9473863420353968,1.0215978833333337,-0.15816933333332628,0.9961442882628085,-0.007908466666666225,0.9961442882628087,0.00047515937940922903,1.0004765254189436,0.0116164166666667,3.180394794469157,-0.05260900049677952,0.9473907544773522,-0.0039542333333328905,0.9961442882628089
80211ax,20.0,10.0,friis-nakagami,2mbps,38.281183,1.91405915,0.9217,0.105644,0.9825968428345414,0.957029575,33.57529,1.6787645,0.9979053700882043,0.0267658333333333,0.9267414239285496,0.83938225,-4.705892999999996,0.8770703350520804,-0.23529464999999994,0.8770703350520803,0.07620537008820438,1.082679147323646,-0.0788781666666667,0.25335876465614043,-0.05585541890599177,0.9431553039140008,-0.11764732499999997,0.8770703350520803
80211ax,20.0,10.0,logdistance,2mbps,12.333769666666669,0.6166884833333334,0.3002666666666667,6.1e-05,0.299999995954699,0.3083442416666667,13.198427,0.65992135,0.9987479393274424,7.461666666666666e-05,0.299999937130621,0.329960675,0.8646573333333318,1.0701048711546934,0.04323286666666659,1.0701048711546934,0.6984812726607758,3.3262031727157275,1.3616666666666661e-05,1.2232240437158468,-5.8824077997510216e-08,0.9999998039197374,0.021616433333333296,1.0701048711546934
80211ax,20.0,20.0,friis,2mbps,38.97822266666666,1.948911133333333,0.9461,0.019887,0.949996947311445,0.9744555666666668,37.738058333333335,1.8869029166666669,0.9932294795391806,0.0237263166666666,0.8918051011214757,0.9434514583333334,-1.2401643333333254,0.9681831482174305,-0.06200821666666623,0.9681831482174305,0.04712947953918056,1.0498144800118174,0.0038393166666666027,1.1930566031410772,-0.05819184618996931,0.9387452282297789,-0.031004108333333336,0.9681831482174302
80211ax,20.0,20.0,friis-nakagami,2mbps,25.90952933333333,1.2954764666666667,0.6111666666666666,0.1837846666666666,0.7183370376529058,0.6477382333333334,22.722586,1.1361292999999997,0.988563498266472,0.0533905,0.6620737686580438,0.5680646499999998,-3.186943333333332,0.8769972509985644,-0.15934716666666704,0.8769972509985641,0.3773968315998054,1.6175023151346695,-0.1303941666666666,0.29050573678616654,-0.056263268994862004,0.9216756674851452,-0.07967358333333352,0.8769972509985641
80211ax,20.0,20.0,logdistance,2mbps,6.167137,0.30835685,0.1502,1.7e-05,0.1499999999983462,0.154178425,6.601158000000001,0.3300578999999999,0.9971034246060242,1.5e-05,0.1499999805997501,0.1650289499999999,0.43402100000000043,1.070376416155503,0.02170104999999989,1.0703764161555025,0.8469034246060242,6.638504824274462,-1.9999999999999995e-06,0.8823529411764706,-1.9398596118325173e-08,0.9999998706760259,0.010850524999999889,1.0703764161555023
80211ax,20.0,30.0,friis,2mbps,26.704322333333334,1.3352161166666667,0.6498,0.0002403333333333,0.6499996946794869,0.6676080583333334,27.8390105,1.391950525,0.9981944821918264,0.0063744,0.647326525892501,0.6959752625,1.1346881666666668,1.0424908055146678,0.05673440833333321,1.0424908055146678,0.34839448219182634,1.536156482289668,0.0061340666666667,26.523162274622262,-0.00267316878698598,0.9958874307036343,0.028367204166666604,1.0424908055146678
80211ax,20.0,30.0,friis-nakagami,2mbps,20.69806566666667,1.0349032833333334,0.4866,0.1260513333333333,0.5411882019170023,0.5174516416666667,18.347127,0.91735635,0.9914408070055292,0.0394689833333333,0.4701570677466372,0.4586781749999999,-2.350938666666668,0.886417469896583,-0.11754693333333333,0.8864174698965831,0.5048408070055292,2.037486245387442,-0.08658235,0.3131183327427448,-0.07103113417036516,0.8687496624672194,-0.058773466666666774,0.8864174698965829
80211ax,20.0,30.0,logdistance,2mbps,4.111426,0.2055712999999999,0.1001,1.1e-05,0.0999999999991362,0.1027856499999999,4.4001996666666665,0.2200099833333333,0.9954069907820124,9.316666666666668e-06,0.0999999671339612,0.1100049916666666,0.2887736666666667,1.0702368634791595,0.014438683333333396,1.0702368634791597,0.8953069907820125,9.944125782038087,-1.6833333333333313e-06,0.8469696969696972,-3.286517499812014e-08,0.99999967134825,0.007219341666666698,1.07023686347916
80211ax,20.0,40.0,friis,2mbps,20.55003,1.0275014999999998,0.5001666666666666,0.000145,0.4999999103619151,0.5137507499999999,21.70747233333333,1.0853736166666668,0.99908165725755,0.0012407499999999,0.499423819779254,0.5426868083333334,1.1574423333333321,1.056323145675862,0.05787211666666692,1.0563231456758622,0.4989149905908834,1.9974974820210931,0.0010957499999999,8.556896551723447,-0.0005760905826611151,0.9988478186281191,0.02893605833333346,1.0563231456758622
80211ax,20.0,40.0,friis-nakagami,2mbps,17.476164666666666,0.8738082333333334,0.4051333333333333,0.0801146666666666,0.4668700881966295,0.4369041166666667,15.163130333333331,0.7581565166666667,0.9903226751273544,0.0259274166666666,0.3738383568856577,0.3790782583333333,-2.3130343333333343,0.8676463413196648,-0.11565171666666663,0.8676463413196649,0.585189341794021,2.4444364204229583,-0.05418725,0.3236288403288614,-0.09303173131097181,0.8007331511206388,-0.05782585833333337,0.8676463413196648
80211ax,20.0,40.0,logdistance,2mbps,4.111422666666667,0.2055711333333333,0.1001,1.1666666666666666e-05,0.0999999999982903,0.1027855666666666,4.4001893333333335,0.2200094666666666,0.9954069907820124,1.0416666666666666e-05,0.0999999668233883,0.1100047333333333,0.2887666666666666,1.070235217849977,0.014438333333333303,1.0702352178499768,0.8953069907820125,9.944125782038087,-1.2499999999999999e-06,0.8928571428571429,-3.317490200605011e-08,0.99999966825098,0.007219166666666693,1.0702352178499772
80211ax,20.0,50.0,friis,2mbps,16.443336333333335,0.8221668166666666,0.4002666666666667,9.433333333333331e-05,0.3999999821142637,0.4110834083333333,17.321325666666667,0.8660662833333334,0.9991751393562656,0.0002056,0.3993644032722166,0.4330331416666667,0.877989333333332,1.053394841261837,0.043899466666666775,1.0533948412618372,0.5989084726895988,2.496273665946699,0.0001112666666666667,2.1795053003533575,-0.0006355788420470687,0.9984110528238336,0.021949733333333388,1.0533948412618372
80211ax,20.0,50.0,friis-nakagami,2mbps,14.017394,0.7008697,0.3354666666666666,0.0688323333333333,0.3792263312767137,0.35043485,11.829688,0.5914844,0.9934784408797452,0.0186903333333333,0.2990169246637538,0.2957422,-2.1877059999999986,0.8439291925446343,-0.10938530000000002,0.8439291925446342,0.6580117742130787,2.9614818388704656,-0.050142000000000006,0.2715342111507669,-0.08020940661295989,0.7884919901449756,-0.05469265000000001,0.8439291925446342
80211ax,20.0,50.0,logdistance,2mbps,4.111408666666667,0.2055704333333333,0.1001,1.4e-05,0.0999999999953619,0.1027852166666666,4.4001573333333335,0.2200078666666666,0.9954069907820124,1.23e-05,0.0999999659402146,0.1100039333333333,0.28874866666666676,1.070231078950556,0.014437433333333305,1.0702310789505558,0.8953069907820125,9.944125782038087,-1.699999999999999e-06,0.8785714285714287,-3.40551472993722e-08,0.999999659448527,0.007218716666666708,1.0702310789505565
80211ax,30.0,5.0,friis,2mbps,61.178452,2.039281733333333,0.9856666666666666,0.050348,0.9999202753499868,1.0196408666666668,60.857551666666666,2.028585055555556,0.9952416004270552,0.0236030666666666,0.977785418228908,1.014292527777778,-0.32090033333333423,0.9947546836697775,-0.010696677777777275,0.9947546836697777,0.009574933760388649,1.0097141701999208,-0.026744933333333398,0.4687984958025463,-0.022134857121078877,0.9778633780444832,-0.0053483388888888594,0.9947546836697775
80211ax,30.0,5.0,friis-nakagami,2mbps,51.41295333333333,1.713765111111111,0.8199,0.1496086666666666,0.930325383302762,0.8568825555555555,40.72618333333333,1.3575394444444442,0.9977373826564896,0.0244856333333333,0.8850790969486599,0.6787697222222221,-10.686769999999996,0.7921385700075844,-0.3562256666666668,0.7921385700075843,0.17783738265648963,1.2169013082772162,-0.1251230333333333,0.16366453815064175,-0.045246286354102105,0.9513650953030298,-0.1781128333333334,0.7921385700075843
80211ax,30.0,5.0,logdistance,2mbps,22.603957666666663,0.7534652555555555,0.3669666666666666,0.000106,0.3666665971098897,0.3767326277777778,23.628771666666665,0.7876257222222223,0.998903747526803,0.0009920666666666,0.3658196191073723,0.3938128611111111,1.0248140000000028,1.0453378127455646,0.03416046666666672,1.0453378127455646,0.6319370808601363,2.7220558112275497,0.0008860666666666,9.359119496854717,-0.0008469780025173734,0.9976900595549381,0.017080233333333306,1.0453378127455644
80211ax,30.0,10.0,friis,2mbps,55.938148000000005,1.8646049333333332,0.8919333333333332,0.113273,0.9906015584012864,0.9323024666666668,56.45477000000001,1.8818256666666668,0.9957373582482488,0.0266425666666666,0.9847243201249068,0.9409128333333334,0.5166220000000052,1.0092355935702413,0.017220733333333627,1.0092355935702413,0.10380402491491558,1.116380923366749,-0.0866304333333334,0.23520668355801116,-0.005877238276379537,0.9940670007769171,0.008610366666666591,1.009235593570241
80211ax,30.0,10.0,friis-nakagami,2mbps,37.926015,1.2642005,0.5915,0.2323833333333333,0.7043961680229862,0.63210025,28.044158666666664,0.9348052888888888,0.9928293695601572,0.0333655555555555,0.7766660291930328,0.4674026444444444,-9.881856333333335,0.7394438531616534,-0.32939521111111125,0.7394438531616534,0.4013293695601572,1.6784942849706799,-0.1990177777777778,0.14357981304836337,0.07226986117004663,1.1025983167581461,-0.16469760555555563,0.7394438531616534
80211ax,30.0,10.0,logdistance,2mbps,12.334133666666666,0.4111377888888889,0.2003,4.1e-05,0.1999999999759018,0.2055688944444444,13.106401333333332,0.4368800444444444,0.9979093397098646,5.5422222222222224e-05,0.1998535977720393,0.2184400222222222,0.7722676666666661,1.0626122342709599,0.025742255555555482,1.0626122342709596,0.7976093397098646,4.982073588167072,1.4422222222222223e-05,1.3517615176151763,-0.00014640220386250014,0.9992679889805993,0.012871127777777797,1.06261223427096
80211ax,30.0,20.0,friis,2mbps,38.973304,1.2991101333333333,0.6311666666666667,0.0114663333333333,0.6333302906598929,0.6495550666666666,38.86598033333333,1.2955326777777778,0.9914248466592844,0.0183648444444444,0.6056986433080406,0.6477663388888889,-0.10732366666666593,0.9972462261175838,-0.003577455555555442,0.9972462261175838,0.3602581799926178,1.5707813783880926,0.006898511111111099,1.6016318303826669,-0.027631647351852306,0.956370873524679,-0.001788727777777721,0.9972462261175838
80211ax,30.0,20.0,friis-nakagami,2mbps,26.152223000000003,0.8717407666666667,0.411,0.1110053333333333,0.4758967360975975,0.4358703833333333,21.844775666666667,0.7281591888888889,0.9838817707189216,0.0428017555555555,0.4090384906209001,0.3640795944444444,-4.307447333333336,0.8352932623229262,-0.1435815777777778,0.8352932623229262,0.5728817707189215,2.39387292145723,-0.0682035777777778,0.38558287489690146,-0.06685824547669739,0.8595110232842907,-0.0717907888888889,0.8352932623229262
80211ax,30.0,20.0,logdistance,2mbps,6.167136333333334,0.2055712111111111,0.1002,1.1333333333333334e-05,0.0999999999989483,0.1027856055555555,6.600111000000001,0.2200037,0.9954071217667906,1.17e-05,0.0999999646862022,0.11000185,0.4329746666666665,1.0702067610093913,0.0144324888888889,1.0702067610093913,0.8952071217667906,9.934202812043818,3.66666666666666e-07,1.0323529411764705,-3.531274610224511e-08,0.999999646872539,0.007216244444444492,1.0702067610093917
80211ax,30.0,30.0,friis,2mbps,26.703875,0.8901291666666666,0.4334666666666666,0.000159,0.433333051626778,0.4450645833333333,27.351315,0.9117105,0.998146544412862,0.0034906444444444,0.4214384274542399,0.4558552499999999,0.6474399999999996,1.0242451704106614,0.02158133333333334,1.0242451704106614,0.5646798777461954,2.302706577390485,0.0033316444444444,21.953738644304405,-0.011894624172538115,0.9725508494496682,0.01079066666666656,1.0242451704106612
80211ax,30.0,30.0,friis-nakagami,2mbps,20.209886,0.6736628666666666,0.3183333333333333,0.0787853333333333,0.3649857568111274,0.3368314333333333,17.645692,0.5881897333333334,0.985122938035656,0.0364436333333333,0.3215520482695943,0.2940948666666667,-2.5641940000000005,0.8731217979161288,-0.08547313333333328,0.8731217979161289,0.6667896047023227,3.0946270304785006,-0.0423417,0.4625687522212254,-0.043433708541533056,0.8809988945294402,-0.04273656666666664,0.8731217979161289
80211ax,30.0,30.0,logdistance,2mbps,4.111425666666666,0.1370475222222222,0.0668,7.333333333333333e-06,0.0666666666660632,0.0685237611111111,4.4001893333333335,0.1466729777777778,0.992874109161104,7.766666666666666e-06,0.0666666326443971,0.0733364888888889,0.2887636666666671,1.070234436927272,0.009625455555555607,1.0702344369272723,0.926074109161104,14.863384867681198,4.3333333333333314e-07,1.059090909090909,-3.402166610932955e-08,0.9999994896750084,0.004812727777777803,1.0702344369272723
80211ax,30.0,40.0,friis,2mbps,20.550681666666662,0.6850227222222222,0.3336333333333334,9.633333333333332e-05,0.3333332907708111,0.3425113611111111,21.617972,0.7205990666666667,0.9987402809935464,0.0007853555555555,0.3324264208936336,0.3602995333333333,1.0672903333333394,1.051934546534507,0.035576344444444574,1.051934546534507,0.6651069476602129,2.993526668978558,0.0006890222222221666,8.152479815455019,-0.0009068698771774741,0.9972793900210795,0.01778817222222223,1.0519345465345067
80211ax,30.0,40.0,friis-nakagami,2mbps,17.608613666666667,0.5869537888888888,0.2759,0.0389936666666666,0.3011246110827327,0.2934768944444444,13.864868333333334,0.4621622777777778,0.9919547135452031,0.0184704111111111,0.2227472045827712,0.2310811388888889,-3.743745333333333,0.7873912504298796,-0.12479151111111103,0.7873912504298797,0.7160547135452031,3.5953414771482537,-0.0205232555555555,0.47367720683985765,-0.0783774064999615,0.7397176995326109,-0.062395755555555515,0.7873912504298797
80211ax,30.0,40.0,logdistance,2mbps,4.111420666666667,0.1370473555555555,0.0668,8e-06,0.0666666666655702,0.0685236777777777,4.400186333333334,0.1466728777777778,0.992874109161104,8.044444444444444e-06,0.0666666320757409,0.0733364388888889,0.28876566666666736,1.0702350087909598,0.009625522222222294,1.0702350087909602,0.926074109161104,14.863384867681198,4.444444444444477e-08,1.0055555555555555,-3.458982929249732e-08,0.9999994811525607,0.004812761111111202,1.0702350087909611
80211ax,30.0,50.0,friis,2mbps,16.444058666666667,0.548135288888889,0.267,6.3e-05,0.2666666582857787,0.2740676444444445,17.591126,0.5863708666666666,0.9985270258717684,0.0001657111111111,0.2666665777518366,0.2931854333333333,1.1470673333333323,1.0697557310263386,0.03823557777777764,1.0697557310263384,0.7315270258717684,3.73980159502535,0.0001027111111111,2.6303350970015873,-8.053394207063747e-08,0.9999996979977077,0.01911778888888882,1.0697557310263384
80211ax,30.0,50.0,friis-nakagami,2mbps,14.928484,0.4976161333333334,0.2380666666666666,0.0287473333333333,0.2612887805716138,0.2488080666666667,12.857036333333332,0.4285678777777778,0.9915434122191806,0.0184178777777777,0.2100296331712297,0.2142839388888889,-2.0714476666666677,0.8612419274008889,-0.0690482555555556,0.8612419274008889,0.753476745552514,4.164982129176061,-0.0103294555555556,0.6406812612570808,-0.05125914740038412,0.803821858373536,-0.0345241277777778,0.8612419274008889
80211ax,30.0,50.0,logdistance,2mbps,4.111408,0.1370469333333333,0.0668,9.333333333333334e-06,0.0666666666634996,0.0685234666666666,4.4001850000000005,0.1466728333333333,0.992874109161104,8.666666666666668e-06,0.0666666315336824,0.0733364166666666,0.2887770000000005,1.0702379817327787,0.00962590000000002,1.0702379817327787,0.926074109161104,14.863384867681198,-6.666666666666665e-07,0.9285714285714286,-3.512981720799058e-08,0.9999994730527418,0.004812949999999996,1.0702379817327787
80211ax,50.0,5.0,friis,2mbps,64.39388733333334,1.2878777466666669,0.5901,0.182878,0.8723651418464259,0.6439388733333334,63.37572566666668,1.2675145133333334,0.9968990364275104,0.0244793733333333,0.9604248767129993,0.6337572566666667,-1.018161666666657,0.9841885354521902,-0.020363233333333453,0.98418853545219,0.4067990364275105,1.6893730493602956,-0.1583986266666667,0.1338563049318852,0.08805973486657337,1.1009436652640525,-0.010181616666666726,0.98418853545219
80211ax,50.0,5.0,friis-nakagami,2mbps,48.541352,0.97082704,0.4594,0.2322186666666666,0.5609145865013077,0.48541352,31.847925333333336,0.6369585066666666,0.9869337758818776,0.0424916933333333,0.7790085683950516,0.3184792533333333,-16.693426666666667,0.6560988522390834,-0.33386853333333333,0.6560988522390834,0.5275337758818777,2.1483103523767473,-0.1897269733333333,0.1829813853609241,0.21809398189374396,1.388818524499604,-0.16693426666666666,0.6560988522390834
80211ax,50.0,5.0,logdistance,2mbps,22.602199,0.45204398,0.2204333333333333,6.4e-05,0.2199999339893224,0.22602199,23.896600333333332,0.4779320066666666,0.9979409120595604,0.0006128933333333,0.2197283455161542,0.2389660033333333,1.294401333333333,1.0572688229730802,0.025888026666666564,1.05726882297308,0.7775075787262271,4.527177886252354,0.0005488933333332999,9.576458333332813,-0.0002715884731682161,0.9987655065697365,0.012944013333333282,1.05726882297308
80211ax,50.0,10.0,friis,2mbps,54.936608666666665,1.0987321733333333,0.5108,0.1185566666666666,0.6838171906703984,0.5493660866666666,55.60467633333334,1.1120935266666667,0.9928724299799532,0.0197823133333333,0.7145007180036993,0.5560467633333334,0.6680676666666727,1.0121607009038407,0.013361353333333437,1.0121607009038407,0.48207242997995314,1.9437596514877704,-0.0987743533333333,0.16685956082885803,0.03068352733330093,1.0448709505287803,0.006680676666666718,1.0121607009038407
80211ax,50.0,10.0,friis-nakagami,2mbps,35.748087,0.71496174,0.3357666666666667,0.152508,0.4069376892856011,0.35748087,20.515188,0.4103037599999999,0.9827347215208152,0.08610514,0.4558889290153217,0.2051518799999999,-15.232899,0.5738821213006446,-0.3046579800000001,0.5738821213006445,0.6469680548541485,2.9268382453712354,-0.06640286000000001,0.564594250793401,0.0489512397297206,1.120291732662209,-0.1523289900000001,0.5738821213006444
80211ax,50.0,10.0,logdistance,2mbps,12.333781,0.2466756199999999,0.1203,2.4333333333333333e-05,0.1199999985810857,0.1233378099999999,13.196013,0.2639202599999999,0.9961957713125276,2.84e-05,0.1199999693916405,0.1319601299999999,0.8622320000000006,1.069908165225246,0.017244640000000006,1.069908165225246,0.8758957713125276,8.28092910484229,4.066666666666666e-06,1.167123287671233,-2.9189445208133158e-08,0.9999997567546204,0.008622320000000003,1.069908165225246
80211ax,50.0,20.0,friis,2mbps,38.94625,0.7789250000000001,0.3787666666666667,0.0072906666666666,0.3799937121655048,0.3894625,39.86038,0.7972076,0.991548073961814,0.0116619933333333,0.3750894353341003,0.3986038,0.9141300000000001,1.023471579420355,0.018282599999999927,1.0234715794203548,0.6127814072951473,2.617833513935969,0.004371326666666699,1.5995784564740407,-0.0049042768314045415,0.9870937947802976,0.009141300000000019,1.023471579420355
80211ax,50.0,20.0,friis-nakagami,2mbps,26.45233933333333,0.5290467866666667,0.2426,0.103268,0.2847053208899521,0.2645233933333333,23.068972666666667,0.4613794533333333,0.9831515944784356,0.02989798,0.2510384904806023,0.2306897266666666,-3.3833666666666637,0.872095748355867,-0.06766733333333341,0.8720957483558668,0.7405515944784355,4.052562219614326,-0.07337002,0.2895183406282682,-0.03366683040934981,0.8817485029640063,-0.033833666666666706,0.8720957483558668
80211ax,50.0,20.0,logdistance,2mbps,6.167137,0.12334274,0.0602,7e-06,0.0599999999993794,0.06167137,6.600264666666667,0.1320052933333333,0.992031646696241,6.973333333333333e-06,0.0599999899868189,0.0660026466666666,0.4331276666666666,1.0702315623386778,0.008662553333333295,1.0702315623386776,0.931831646696241,16.478931008243208,-2.6666666666666694e-08,0.9961904761904762,-1.0012560495986644e-08,0.9999998331239918,0.004331276666666592,1.0702315623386767
80211ax,50.0,30.0,friis,2mbps,26.701423,0.5340284599999999,0.2603666666666667,9.533333333333334e-05,0.2599997877767041,0.2670142299999999,28.17882033333333,0.5635764066666668,0.9969608081590596,0.0024959533333333,0.2592009851983597,0.2817882033333334,1.4773973333333323,1.0553302845819614,0.029547946666666824,1.0553302845819619,0.7365941414923929,3.829064683750069,0.002400619999999967,26.181328671328323,-0.0007988025783444153,0.9969276798832218,0.014773973333333468,1.055330284581962
80211ax,50.0,30.0,friis-nakagami,2mbps,21.313138666666664,0.4262627733333333,0.1993333333333333,0.0305486666666666,0.2210762401056771,0.2131313866666666,16.072827,0.32145654,0.981231181849004,0.0143749866666666,0.1755556712504417,0.16072827,-5.240311666666663,0.754127641703828,-0.10480623333333328,0.754127641703828,0.7818978485156707,4.922564457436476,-0.01617368,0.4705601990266885,-0.04552056885523542,0.7940956077709842,-0.05240311666666658,0.7541276417038282
80211ax,50.0,30.0,logdistance,2mbps,4.111426,0.08222852,0.0401,4e-06,0.0399999999996,0.04111426,4.400807666666666,0.0880161533333333,0.9878470755294564,3.633333333333333e-06,0.0399999963110228,0.0440080766666666,0.2893816666666664,1.0703847440441994,0.005787633333333306,1.0703847440441991,0.9477470755294564,24.634590412205895,-3.6666666666666683e-07,0.9083333333333333,-3.6885772006223227e-09,0.99999990778557,0.0028938166666665974,1.0703847440441978
80211ax,50.0,40.0,friis,2mbps,20.550358,0.41100716,0.2004333333333333,5.766666666666667e-05,0.1999999705300488,0.20550358,21.704371,0.43408742,0.9975528788918412,0.00048508,0.1997152560249885,0.21704371,1.154012999999999,1.0561553720864618,0.02308026000000002,1.056155372086462,0.7971195455585078,4.97698093576505,0.00042741333333333334,8.41179190751445,-0.00028471450506031837,0.9985764272649353,0.01154013000000001,1.056155372086462
80211ax,50.0,40.0,friis-nakagami,2mbps,17.984031,0.35968062,0.1646,0.0387906666666666,0.1876728054478799,0.17984031,16.047361666666667,0.3209472333333333,0.9889543324128854,0.0231965666666666,0.1638276613940777,0.1604736166666666,-1.9366693333333345,0.892311721808457,-0.0387333866666667,0.8923117218084569,0.8243543324128855,6.008228021949487,-0.0155941,0.5979935035919286,-0.023845144053802197,0.8729429978046317,-0.019366693333333407,0.8923117218084566
80211ax,50.0,40.0,logdistance,2mbps,4.111421666666667,0.0822284333333333,0.0401,5e-06,0.0399999999992885,0.0411142166666666,4.400791000000001,0.08801582,0.9878470755294564,4.08e-06,0.0399999962904917,0.04400791,0.28936933333333403,1.070381818454525,0.0057873866666666995,1.0703818184545253,0.9477470755294564,24.634590412205895,-9.200000000000005e-07,0.816,-3.708796797452507e-09,0.99999990728008,0.0028936933333333983,1.0703818184545266
80211ax,50.0,50.0,friis,2mbps,16.44368866666667,0.3288737733333333,0.1604,3.8e-05,0.1599999938455613,0.1644368866666666,17.498000333333334,0.3499600066666666,0.9972031098105026,0.0001030266666666,0.1599081315169853,0.1749800033333333,1.0543116666666634,1.0641164940567063,0.021086233333333315,1.0641164940567065,0.8368031098105027,6.216976993831064,6.50266666666e-05,2.711228070173684,-9.186232857599785e-05,0.9994258604243156,0.010543116666666713,1.064116494056707
80211ax,50.0,50.0,friis-nakagami,2mbps,14.480948333333332,0.2896189666666667,0.1377333333333333,0.019318,0.1512605338556934,0.1448094833333333,12.805942333333334,0.2561188466666667,0.9895771627041672,0.0075172866666666,0.1276280912526153,0.1280594233333333,-1.675005999999998,0.884330365564226,-0.03350012000000002,0.8843303655642257,0.8518438293708339,7.184732546254846,-0.011800713333333398,0.3891337957690548,-0.02363244260307812,0.8437633267536653,-0.016750059999999983,0.884330365564226
80211ax,50.0,50.0,logdistance,2mbps,4.11141,0.0822282,0.0401,6e-06,0.0399999999980548,0.0411141,4.400778333333333,0.0880155666666666,0.9878470755294564,4.833333333333333e-06,0.0399999962559405,0.0440077833333333,0.289368333333333,1.0703817749466322,0.005787366666666599,1.0703817749466313,0.9477470755294564,24.634590412205895,-1.1666666666666668e-06,0.8055555555555556,-3.742114298987964e-09,0.9999999064471425,0.0028936833333332995,1.0703817749466313
80211g,5.0,5.0,friis,1mbps,5.141819333333333,1.0283638666666668,1.0,0.000233,0.9999999997667988,1.0283638666666668,9.117525333333331,1.8235050666666663,0.9999316519718406,0.0004974,0.9991367515814962,1.8235050666666663,3.975705999999998,1.7732099753537298,0.7951411999999995,1.7732099753537296,-6.834802815935959e-05,0.9999316519718406,0.0002643999999999999,2.134763948497854,-0.0008632481853025897,0.9991367518144961,0.7951411999999995,1.7732099753537296
80211g,5.0,5.0,friis-nakagami,1mbps,5.141842,1.0283684,1.0,0.0002279999999999,1.0000000000000002,1.0283684,10.908296666666663,2.181659333333333,0.9999658259859204,0.0005285333333333,0.9991389800617722,2.181659333333333,5.766454666666664,2.12147644106269,1.1532909333333332,2.1214764410626903,-3.417401407956877e-05,0.9999658259859204,0.00030053333333339996,2.3181286549716305,-0.0008610199382280692,0.9991389800617719,1.1532909333333332,2.1214764410626903
80211g,5.0,5.0,logdistance,1mbps,5.141819333333333,1.0283638666666668,1.0,0.000233,0.9999999997667988,1.0283638666666668,10.905199333333334,2.181039866666667,0.9998974779577608,0.0005371333333333,0.9991410471438024,2.181039866666667,5.763380000000001,2.1208834123434133,1.1526760000000003,2.1208834123434133,-0.0001025220422391504,0.9998974779577608,0.0003041333333332999,2.3052932761085834,-0.0008589526229964006,0.9991410473768033,1.1526760000000003,2.1208834123434133
80211g,5.0,10.0,friis,1mbps,5.141819333333333,1.0283638666666668,1.0,0.000233,0.9999999997667988,1.0283638666666668,10.905208,2.1810416,0.9998974779577608,0.0004936666666666,0.999141256681946,2.1810416,5.763388666666667,2.1208850978687313,1.1526777333333331,2.120885097868731,-0.0001025220422391504,0.9998974779577608,0.00026066666666659996,2.1187410586549356,-0.0008587430848527866,0.9991412569149469,1.1526777333333331,2.120885097868731
80211g,5.0,10.0,friis-nakagami,1mbps,5.141842,1.0283684,1.0,0.0002296666666666,1.0000000000000002,1.0283684,10.908067333333335,2.1816134666666667,0.9999658259859204,0.0005804,0.9991389836569964,2.1816134666666667,5.7662253333333355,2.121431839666278,1.1532450666666667,2.121431839666278,-3.417401407956877e-05,0.9999658259859204,0.00035073333333340004,2.527140783745291,-0.0008610163430038398,0.9991389836569962,1.1532450666666667,2.121431839666278
80211g,5.0,10.0,logdistance,1mbps,5.141803666666667,1.028360733333333,1.0,0.0002493333333333,0.9999999996501948,1.028360733333333,10.905202666666668,2.1810405333333334,0.9998974779577608,0.0005504666666666,0.999142556106395,2.1810405333333334,5.763399000000001,2.120890522787367,1.1526798000000003,2.1208905227873673,-0.0001025220422391504,0.9998974779577608,0.00030113333333329996,2.207754010695215,-0.0008574435437997963,0.9991425564559002,1.1526798000000003,2.1208905227873673
80211g,5.0,20.0,friis,1mbps,5.141815333333333,1.0283630666666663,1.0,0.0002326666666666,0.9999999996772287,1.0283630666666663,10.905483333333336,2.181096666666667,0.9999316519718406,0.0005083333333333,0.999141977736614,2.181096666666667,5.763668000000004,2.1209402956647097,1.1527336000000006,2.1209402956647097,-6.834802815935959e-05,0.9999316519718406,0.0002756666666667,2.184813753582145,-0.0008580219406147949,0.9991419780591083,1.1527336000000006,2.1209402956647097
80211g,5.0,20.0,friis-nakagami,1mbps,5.141139,1.0282278,0.9998,0.0002756666666666,0.9999999158132006,1.0282278,10.998709333333332,2.199741866666667,1.0,0.0005863333333333,0.9999997837900476,2.199741866666667,5.857570333333332,2.1393526479897416,1.1715140666666668,2.139352647989742,0.00019999999999997797,1.0002000400080016,0.00031066666666669995,2.126964933494952,-1.3202315296556577e-07,0.9999998679768359,1.1715140666666668,2.139352647989742
80211g,5.0,20.0,logdistance,1mbps,3.0850950000000004,0.617019,0.6,0.0001539999999999,0.599999999987392,0.617019,6.507512000000001,1.3015024000000002,0.999193384436852,0.000286,0.5992587011645033,1.3015024000000002,3.4224170000000007,2.109339258596575,0.6844834000000002,2.109339258596575,0.39919338443685204,1.6653223073947534,0.0001320000000001,1.857142857144063,-0.0007412988228886475,0.9987645019618263,0.6844834000000002,2.109339258596575
80211g,5.0,30.0,friis,1mbps,5.141815333333333,1.0283630666666663,1.0,0.0002326666666666,0.9999999996772287,1.0283630666666663,10.904887333333331,2.1809774666666666,0.9998974779577608,0.0004891333333333,0.9991383220159076,2.1809774666666666,5.763071999999998,2.1208243832949787,1.1526144000000003,2.1208243832949796,-0.0001025220422391504,0.9998974779577608,0.0002564666666667,2.1022922636107744,-0.0008616776613211696,0.9991383223384007,1.1526144000000003,2.1208243832949796
80211g,5.0,30.0,friis-nakagami,1mbps,5.140704666666667,1.0281409333333331,0.9997333333333334,0.0006016666666666,0.9999998633311336,1.0281409333333331,10.907498,2.1814996,0.9996558171812242,0.0012104666666666,0.9991352820104488,2.1814996,5.766793333333333,2.1217904367715086,1.1533586666666669,2.121790436771509,-7.75161521091583e-05,0.9999224631714032,0.0006088,2.0118559556787825,-0.0008645813206847874,0.9991354185611538,1.1533586666666669,2.121790436771509
80211g,5.0,30.0,logdistance,1mbps,2.056737,0.4113474000000001,0.4000000000000001,9.366666666666666e-05,0.3999999999999999,0.4113474000000001,4.400196,0.8800392,0.9983799593428322,0.0001900666666666,0.3999999657787893,0.8800392,2.343459,2.1394062536921346,0.46869179999999994,2.139406253692134,0.5983799593428321,2.49594989835708,9.639999999993335e-05,2.02918149466121,-3.4221210587492834e-08,0.9999999144469736,0.46869179999999994,2.139406253692134
80211g,5.0,40.0,friis,1mbps,5.141815333333333,1.0283630666666663,1.0,0.0002336666666666,0.9999999996772287,1.0283630666666663,10.905436,2.1810872,0.9998974779577608,0.0004874666666666,0.9991415014937796,2.1810872,5.763620666666667,2.120931090096196,1.1527241333333336,2.1209310900961964,-0.0001025220422391504,0.9998974779577608,0.0002538,2.086162624821993,-0.0008584981834491856,0.9991415018162737,1.1527241333333336,2.1209310900961964
80211g,5.0,40.0,friis-nakagami,1mbps,5.104654333333333,1.0209308666666663,0.9917333333333334,0.0091616666666666,0.9999169838260604,1.0209308666666663,10.248991333333334,2.0497982666666665,0.9951619961764951,0.012193,0.981875306770024,2.0497982666666665,5.144337000000001,2.007773820532282,1.0288674000000002,2.007773820532282,0.0034286628431617894,1.0034572427162831,0.0030313333333334015,1.330871384391496,-0.01804167705603643,0.981956825068615,1.0288674000000002,2.007773820532282
80211g,5.0,40.0,logdistance,1mbps,2.056727,0.4113453999999999,0.4000000000000001,0.0001083333333333,0.3999999999905441,0.4113453999999999,4.400426,0.8800852,0.9982947078509312,0.0002115333333333,0.3999999709597983,0.8800852,2.3436990000000004,2.139528483848367,0.4687398000000001,2.1395284838483675,0.5982947078509311,2.4957367696273276,0.0001032,1.9526153846156777,-2.903074580729026e-08,0.9999999274231355,0.4687398000000001,2.1395284838483675
80211g,5.0,50.0,friis,1mbps,5.141809333333334,1.0283618666666663,1.0,0.0002486666666666,0.9999999997753716,1.0283618666666663,10.905741333333332,2.1811482666666664,0.9999316519718406,0.0005187999999999,0.999140102060589,2.1811482666666664,5.763931999999998,2.1209929474890417,1.1527864,2.1209929474890425,-6.834802815935959e-05,0.9999316519718406,0.00027013333333329996,2.0863270777481464,-0.0008598977147825648,0.9991401022850243,1.1527864,2.1209929474890425
80211g,5.0,50.0,friis-nakagami,1mbps,4.538818333333333,0.9077636666666667,0.8818666666666667,0.116286,0.960900659149528,0.9077636666666667,7.992549333333333,1.5985098666666666,0.990757180336482,0.0186448,0.8248613661202425,1.5985098666666666,3.4537309999999994,1.7609317549979049,0.6907461999999999,1.7609317549979049,0.10889051366981528,1.1234772985369843,-0.0976412,0.16033572399085014,-0.13603929302928552,0.8584252266517427,0.6907461999999999,1.7609317549979049
80211g,5.0,50.0,logdistance,1mbps,2.056711,0.4113422,0.4000000000000001,0.0001323333333333,0.3999999999408992,0.4113422,4.400412666666667,0.8800825333333333,0.9982947078509312,0.0002463999999999,0.3999999694010377,0.8800825333333333,2.343701666666667,2.1395386452771765,0.4687403333333333,2.1395386452771765,0.5982947078509311,2.4957367696273276,0.0001140666666666,1.8619647355160862,-3.053986147305565e-08,0.9999999236503463,0.4687403333333333,2.1395386452771765
80211g,10.0,5.0,friis,2mbps,20.550802666666662,2.0550802666666663,0.9996333333333332,0.0004506666666666,0.999999755268966,1.0275401333333332,29.319154666666662,2.9319154666666667,0.9978207183319008,0.0077636999999999,0.94962242389929,1.4659577333333331,8.768352,1.426667130341446,0.8768352000000004,1.4266671303414462,-0.0018126150014323716,0.9981867201292817,0.0073130333333333,17.22714497041653,-0.05037733136967604,0.9496226563014245,0.43841759999999996,1.426667130341446
80211g,10.0,5.0,friis-nakagami,2mbps,20.548689666666665,2.054868966666666,0.9995666666666666,0.0004416666666666,0.9999997566134738,1.027434483333333,29.343732666666668,2.934373266666667,0.9984643598194448,0.0086284666666666,0.9758234382408116,1.4671866333333334,8.795043000000003,1.4280099190104079,0.8795043000000007,1.428009919010408,-0.00110230684722179,0.9988972152793992,0.0081868,19.536150943399022,-0.02417631837266221,0.9758236757431462,0.43975215000000034,1.428009919010408
80211g,10.0,5.0,logdistance,2mbps,20.548126,2.0548126,0.9995666666666666,0.000519,0.9999995773786432,1.0274063,28.12625266666667,2.8126252666666667,0.9974670539804348,0.0081156333333333,0.974917054178555,1.4063126333333331,7.57812666666667,1.3687989195056849,0.7578126666666667,1.3687989195056847,-0.002099612686231822,0.9978994770871726,0.0075966333333333,15.637058445728902,-0.02508252320008819,0.9749174661994974,0.3789063333333331,1.3687989195056844
80211g,10.0,10.0,friis,2mbps,20.551207,2.0551207,0.9996666666666668,0.000445,0.9999997536604064,1.02756035,29.41022333333333,2.941022333333333,0.996477826751308,0.0085092666666666,0.9686061494598792,1.4705111666666666,8.85901633333333,1.4310703664915316,0.8859016333333334,1.4310703664915319,-0.0031888399153587876,0.996810096783569,0.008064266666666601,19.12194756554292,-0.03139360420052717,0.9686063880659832,0.4429508166666667,1.4310703664915319
80211g,10.0,10.0,friis-nakagami,2mbps,20.529874666666668,2.0529874666666665,0.9986333333333334,0.0054773333333333,0.9999813961276895,1.0264937333333333,26.364159333333333,2.636415933333333,0.9973248488403516,0.0176652,0.9260675205994924,1.3182079666666666,5.834284666666665,1.2841851088423595,0.5834284666666663,1.2841851088423595,-0.0013084844929818207,0.9986897247975749,0.0121878666666667,3.2251460564751895,-0.07391387552819717,0.9260847493619182,0.29171423333333335,1.2841851088423595
80211g,10.0,10.0,logdistance,2mbps,12.333129,1.2333128999999998,0.6001,0.0002463333333333,0.599999985782163,0.6166564499999999,26.02684066666667,2.6026840666666664,0.9988146303210024,0.0017111333333333,0.5993870851840509,1.3013420333333332,13.693711666666669,2.1103193412366537,1.3693711666666666,2.1103193412366537,0.3987146303210024,1.664413648260294,0.0014648,6.946414073072524,-0.0006129005981120317,0.9989784989789408,0.6846855833333333,2.1103193412366537
80211g,10.0,20.0,friis,2mbps,20.5514335,2.05514335,0.9997,0.0004565,0.9999998408714764,1.027571675,29.36381866666667,2.936381866666667,0.998126657859772,0.0081105333333333,0.9730467965382054,1.4681909333333334,8.812385166666669,1.4287966173584274,0.881238516666667,1.4287966173584277,-0.0015733421402280845,0.9984261857154866,0.0076540333333332995,17.766776195691786,-0.02695304433327106,0.9730469513777301,0.4406192583333335,1.4287966173584277
80211g,10.0,20.0,friis-nakagami,2mbps,14.796249,1.4796249,0.7196666666666666,0.2246449999999999,0.8194615705243785,0.73981245,17.03320066666667,1.7033200666666666,0.9922478828237974,0.0239019666666666,0.6289232326711276,0.8516600333333333,2.23695166666667,1.151183699778685,0.22369516666666667,1.1511836997786848,0.2725812161571308,1.3787603744656751,-0.2007430333333333,0.10639883668306266,-0.19053833785325092,0.7674834980591899,0.11184758333333333,1.1511836997786848
80211g,10.0,20.0,logdistance,2mbps,6.16703,0.616703,0.3001,7.733333333333333e-05,0.2999999999933582,0.3083515,13.197385333333337,1.3197385333333334,0.9987766113458542,0.0001683666666666,0.2999999354522741,0.6598692666666667,7.030355333333337,2.1399904546164583,0.7030355333333334,2.139990454616458,0.6986766113458542,3.3281459891564618,9.103333333326666e-05,2.177155172412931,-6.454108408826542e-08,0.9999997848630531,0.3515177666666667,2.139990454616458
80211g,10.0,30.0,friis,2mbps,20.550637,2.0550637,0.9996666666666668,0.0005413333333333,0.9999998107171452,1.02753185,27.99267,2.799267,0.9960864634556476,0.0088301,0.9773538000885486,1.3996335,7.442033000000002,1.3621314998654301,0.7442033000000001,1.3621314998654301,-0.0035802032110192616,0.9964186029899774,0.0082887666666667,16.311761083744845,-0.022646010628596613,0.977353985084901,0.37210165000000006,1.3621314998654301
80211g,10.0,30.0,friis-nakagami,2mbps,8.900921666666667,0.8900921666666667,0.4320666666666666,0.3271983333333333,0.5314639784826632,0.4450460833333333,10.909969333333336,1.0909969333333334,0.989523288075392,0.0476227666666666,0.5084188694934321,0.5454984666666667,2.0090476666666692,1.2257123185557752,0.20090476666666668,1.225712318555775,0.5574566214087254,2.290209739412264,-0.2795755666666667,0.1455470942700399,-0.023045108989231178,0.9566384366161085,0.1004523833333334,1.2257123185557752
80211g,10.0,30.0,logdistance,2mbps,4.111367,0.4111366999999999,0.2001,4.7333333333333336e-05,0.1999999999999881,0.2055683499999999,8.799790666666667,0.8799790666666668,0.9979110107607392,9.51e-05,0.1999999574312644,0.4399895333333334,4.688423666666666,2.1403563988976577,0.4688423666666669,2.1403563988976586,0.7978110107607392,4.987061523042175,4.776666666666666e-05,2.0091549295774644,-4.256872371266596e-08,0.9999997871563814,0.2344211833333335,2.140356398897659
80211g,10.0,40.0,friis,2mbps,20.549592333333333,2.0549592333333333,0.9996333333333332,0.0009133333333333,0.9999997464709028,1.0274796166666669,26.215249333333333,2.6215249333333333,0.996149091035592,0.0084157333333333,0.9798490118703874,1.3107624666666666,5.6656569999999995,1.2757065399691545,0.5665657,1.2757065399691545,-0.003484242297741136,0.9965144796781409,0.0075024,9.214306569343366,-0.02015073460051542,0.9798492602906858,0.28328284999999975,1.2757065399691543
80211g,10.0,40.0,friis-nakagami,2mbps,7.835479666666667,0.7835479666666666,0.3792999999999999,0.307642,0.4748851472198407,0.3917739833333333,9.824297333333332,0.9824297333333332,0.9871678923807072,0.0750038666666666,0.3849848206217006,0.4912148666666666,1.988817666666665,1.2538220697741582,0.19888176666666657,1.2538220697741584,0.6078678923807073,2.602604514581354,-0.23263813333333344,0.2438024283637039,-0.08990032659814012,0.8106903803489096,0.09944088333333329,1.2538220697741584
80211g,10.0,40.0,logdistance,2mbps,4.111346,0.4111346,0.2001,5.5e-05,0.1999999999952671,0.2055673,8.799705999999999,0.8799705999999999,0.9979110107607392,0.0001121666666666,0.1999999535633808,0.4399852999999999,4.6883599999999985,2.1403467380269134,0.4688359999999999,2.1403467380269134,0.7978110107607392,4.987061523042175,5.71666666666e-05,2.039393939392727,-4.6431886308040404e-08,0.9999997678405684,0.2344179999999999,2.1403467380269134
80211g,10.0,50.0,friis,2mbps,16.443245,1.6443245,0.8000000000000002,0.000385,0.7999999592591237,0.82216225,26.03732533333333,2.603732533333333,0.9962628515586948,0.0050055,0.7853039565319238,1.3018662666666667,9.59408033333333,1.5834663616173894,0.959408033333333,1.5834663616173894,0.1962628515586946,1.2453285644483683,0.0046205000000000005,13.001298701298703,-0.014696002727199953,0.9816299956554875,0.47970401666666673,1.5834663616173896
80211g,10.0,50.0,friis-nakagami,2mbps,6.738656333333334,0.6738656333333334,0.3251666666666666,0.287588,0.4046589271881471,0.3369328166666667,11.393859333333332,1.1393859333333334,0.9907296046207256,0.0633898,0.3394240825540565,0.5696929666666667,4.6552029999999975,1.6908206576691918,0.4655203,1.690820657669192,0.665562937954059,3.046836303292852,-0.22419820000000001,0.2204187935518867,-0.06523484463409063,0.8387905461832069,0.23276015,1.690820657669192
80211g,10.0,50.0,logdistance,2mbps,4.111315,0.4111315,0.2001,6.7e-05,0.1999999999692242,0.20556575,8.799522666666666,0.8799522666666667,0.9979110107607392,0.0001235,0.1999999570699438,0.4399761333333333,4.688207666666666,2.1403182842148234,0.4688207666666667,2.1403182842148234,0.7978110107607392,4.987061523042175,5.649999999999999e-05,1.8432835820895521,-4.2899280405794826e-08,0.9999997855035979,0.2344103833333333,2.1403182842148234
80211g,20.0,5.0,friis,2mbps,23.507745666666665,1.1753872833333332,0.569,0.3958763333333333,0.9108267307898686,0.5876936416666666,30.27103466666667,1.5135517333333337,0.9954409484840318,0.0205646666666666,0.9789675591195648,0.7567758666666667,6.763289000000004,1.2877047036283944,0.3381644500000005,1.2877047036283946,0.4264409484840318,1.7494568514657853,-0.37531166666666665,0.05194719899901384,0.06814082832969615,1.0748120647168584,0.16908222500000014,1.2877047036283944
80211g,20.0,5.0,friis-nakagami,2mbps,22.67017,1.1335085,0.5484666666666667,0.3951786666666666,0.8150382869673171,0.56675425,26.80707333333333,1.3403536666666669,0.9917596447995184,0.0216069166666666,0.9228947887324184,0.6701768333333334,4.136903333333333,1.1824822369366146,0.20684516666666686,1.1824822369366148,0.44329297813285173,1.8082405095408747,-0.37357175000000004,0.05467632362070811,0.10785650176510131,1.1323330492441348,0.10342258333333343,1.1824822369366148
80211g,20.0,5.0,logdistance,2mbps,21.475154333333336,1.0737577166666668,0.5218666666666666,0.0708393333333333,0.5478261500589685,0.5368788583333334,27.130670666666663,1.3565335333333337,0.9965281511954152,0.0051716166666666,0.5356258981281297,0.6782667666666667,5.655516333333328,1.2633516036974384,0.28277581666666696,1.263351603697439,0.47466148452874857,1.9095455119993905,-0.0656677166666667,0.07300487488118564,-0.012200251930838846,0.9777297014216543,0.14138790833333337,1.2633516036974388
80211g,20.0,10.0,friis,2mbps,23.239384666666663,1.1619692333333334,0.5631666666666666,0.398053,0.9052295638924872,0.5809846166666667,29.838702666666663,1.4919351333333335,0.9951673588911673,0.0212008833333333,0.9438294233520024,0.7459675666666667,6.599318,1.2839712881669243,0.32996590000000015,1.2839712881669243,0.43200069222450066,1.767092084447175,-0.3768521166666667,0.053261458482496804,0.03859985945951516,1.0426409620268429,0.16498295000000007,1.2839712881669243
80211g,20.0,10.0,friis-nakagami,2mbps,15.906082666666668,0.7953041333333334,0.3861666666666667,0.417319,0.5007130557864766,0.3976520666666667,17.33983733333333,0.8669918666666666,0.9936212164301056,0.0276154166666666,0.5769543464113495,0.4334959333333333,1.4337546666666636,1.0901387662011395,0.07168773333333323,1.0901387662011395,0.6074545497634389,2.573037245826773,-0.3897035833333334,0.0661733989266403,0.07624129062487284,1.1522654337525104,0.03584386666666661,1.0901387662011395
80211g,20.0,10.0,logdistance,2mbps,12.333485,0.61667425,0.3002,0.0001203333333333,0.2999999965906946,0.308337125,26.203053333333333,1.3101526666666663,0.9985650579865376,0.0007915833333333,0.2998805555023514,0.6550763333333333,13.869568333333333,2.124545765720989,0.6934784166666663,2.1245457657209887,0.6983650579865376,3.3263326381963276,0.00067125,6.578254847646974,-0.00011944108834321954,0.9996018630343314,0.34673920833333327,2.1245457657209887
80211g,20.0,20.0,friis,2mbps,20.260327666666665,1.0130163833333332,0.4902666666666667,0.3745923333333333,0.8085075822188221,0.5065081916666666,26.801356666666667,1.3400678333333331,0.9920687008540812,0.0226299166666666,0.9108158375223172,0.6700339166666667,6.541029000000002,1.3228491220683287,0.3270514499999999,1.3228491220683285,0.5018020341874145,2.023528761600655,-0.3519624166666667,0.060412119130396694,0.10230825530349508,1.1265396361809323,0.16352572500000007,1.3228491220683287
80211g,20.0,20.0,friis-nakagami,2mbps,9.523895333333334,0.4761947666666666,0.2308,0.283866,0.2798491967253838,0.2380973833333333,12.015073999999998,0.6007537,0.9863632499815386,0.0851338833333333,0.382723383742891,0.30037685,2.4911786666666647,1.2615714032416565,0.12455893333333334,1.261571403241657,0.7555632499815386,4.273670927129716,-0.1987321166666667,0.2999087010537835,0.10287418701750722,1.3676057970552538,0.06227946666666667,1.261571403241657
80211g,20.0,20.0,logdistance,2mbps,6.16703,0.3083515,0.1502,3.8e-05,0.1499999999966791,0.15417575,13.198922,0.6599461000000001,0.9970464836522206,7.193333333333335e-05,0.1499999883651096,0.32997305,7.031892,2.1402396291245545,0.3515946000000001,2.1402396291245545,0.8468464836522206,6.6381257233836255,3.393333333333335e-05,1.8929824561403512,-1.1631569485359705e-08,0.9999999224562034,0.1757973,2.140239629124554
80211g,20.0,30.0,friis,2mbps,20.080123333333333,1.0040061666666666,0.4866,0.2120946666666666,0.6234269692962857,0.5020030833333333,26.15382866666667,1.3076914333333332,0.9956357893826028,0.0079417,0.6347251946991955,0.6538457166666666,6.073705333333336,1.302473507383836,0.3036852666666665,1.3024735073838356,0.5090357893826027,2.046107253149615,-0.2041529666666666,0.037444128722394415,0.011298225402909812,1.0181227729298639,0.15184263333333325,1.3024735073838356
80211g,20.0,30.0,friis-nakagami,2mbps,8.507837666666667,0.4253918833333334,0.2055666666666666,0.1700476666666666,0.2531340016402889,0.2126959416666667,10.322435333333331,0.5161217666666666,0.9870415001693172,0.0604070999999999,0.2169014825033716,0.2580608833333333,1.814597666666664,1.213285412552731,0.09072988333333326,1.213285412552731,0.7814748335026507,4.801563970338824,-0.10964056666666669,0.3552362768870685,-0.036232519136917274,0.8568642738544275,0.04536494166666663,1.213285412552731
80211g,20.0,30.0,logdistance,2mbps,4.111367,0.2055683499999999,0.1001,2.2000000000000003e-05,0.099999999999994,0.1027841749999999,8.798333333333334,0.4399166666666667,0.995322369416054,5.58e-05,0.09999999449035,0.2199583333333333,4.686966333333333,2.1400019344741867,0.23434831666666678,2.1400019344741876,0.895222369416054,9.943280413746795,3.3799999999999995e-05,2.536363636363636,-5.509643991041813e-09,0.99999994490356,0.11717415833333342,2.1400019344741885
80211g,20.0,40.0,friis,2mbps,20.544169333333333,1.0272084666666668,0.5,0.0005123333333333,0.4999993913134029,0.5136042333333334,26.08717133333333,1.3043585666666668,0.9976186860433008,0.0047647666666666,0.4896653097603679,0.6521792833333334,5.543001999999998,1.2698090105306115,0.27715010000000007,1.2698090105306117,0.49761868604330084,1.9952373720866017,0.0042524333333333,9.300130123617912,-0.010334081553035002,0.9793318117330316,0.13857505000000003,1.2698090105306117
80211g,20.0,40.0,friis-nakagami,2mbps,7.235961,0.36179805,0.1756666666666666,0.1881316666666666,0.2184181853921294,0.180899025,9.633819333333332,0.4816909666666666,0.984620915015245,0.0521684166666666,0.1836353158231164,0.2408454833333333,2.397858333333332,1.3313807707550291,0.11989291666666663,1.3313807707550294,0.8089542483485783,5.605052647145609,-0.13596325,0.2772973715217177,-0.034782869569013,0.8407510367940892,0.05994645833333331,1.3313807707550294
80211g,20.0,40.0,logdistance,2mbps,4.111346,0.2055673,0.1001,2.6e-05,0.0999999999976335,0.10278365,8.798230666666667,0.4399115333333332,0.995322369416054,5.903333333333333e-05,0.0999999940647269,0.2199557666666666,4.686884666666667,2.13998789366467,0.2343442333333332,2.1399878936646695,0.895222369416054,9.943280413746795,3.303333333333333e-05,2.2705128205128204,-5.932906596561871e-09,0.999999940670934,0.1171721166666666,2.1399878936646695
80211g,20.0,50.0,friis,2mbps,16.443578,0.8221788999999999,0.4002666666666667,0.0001906666666666,0.3999999881514008,0.4110894499999999,25.959907333333334,1.2979953666666668,0.9967120273730842,0.0022412166666666,0.391401393506837,0.6489976833333334,9.516329333333335,1.5787261953166967,0.4758164666666669,1.578726195316697,0.5964453607064175,2.4901199884404166,0.00205055,11.754632867136626,-0.008598594644563806,0.9785035127518323,0.2379082333333335,1.5787261953166971
80211g,20.0,50.0,friis-nakagami,2mbps,7.182531999999999,0.3591265999999999,0.1730333333333333,0.1475603333333333,0.2146790503160495,0.1795632999999999,9.921668666666667,0.4960834333333332,0.9890349272150866,0.0171963833333333,0.1979886315679522,0.2480417166666666,2.739136666666668,1.3813608719970434,0.1369568333333333,1.3813608719970432,0.8160015938817533,5.715863574735621,-0.13036395,0.1165379810744078,-0.01669041874809729,0.9222540870964087,0.06847841666666671,1.3813608719970436
80211g,20.0,50.0,logdistance,2mbps,4.111315,0.20556575,0.1001,3.2e-05,0.0999999999846121,0.102782875,8.798606,0.4399302999999999,0.995322369416054,6.476666666666666e-05,0.0999999931637658,0.2199651499999999,4.687290999999999,2.140095322299556,0.2343645499999999,2.1400953222995556,0.895222369416054,9.943280413746795,3.2766666666666666e-05,2.0239583333333333,-6.820846304433914e-09,0.9999999317915369,0.11718227499999989,2.140095322299555
80211g,30.0,5.0,friis,2mbps,22.98791833333333,0.7662639444444445,0.3706666666666667,0.4290976666666666,0.7539416160195046,0.3831319722222222,30.877286666666663,1.029242888888889,0.9866351160004916,0.0274786555555555,0.937655765211344,0.5146214444444445,7.8893683333333335,1.343196292023252,0.2629789444444445,1.3431962920232519,0.6159684493338249,2.6617853848934123,-0.4016190111111111,0.0640382311304936,0.18371414919183937,1.2436715858208929,0.1314894722222223,1.343196292023252
80211g,30.0,5.0,friis-nakagami,2mbps,18.314604,0.6104868,0.2959,0.4143946666666667,0.5116459127201434,0.3052434,11.157424666666666,0.3719141555555555,0.9861770266474184,0.0374437222222222,0.7315430934096895,0.1859570777777777,-7.157179333333334,0.6092091680861167,-0.23857264444444448,0.6092091680861167,0.6902770266474183,3.332805091745246,-0.3769509444444445,0.0903576354479036,0.2198971806895461,1.4297839095801084,-0.1192863222222223,0.6092091680861166
80211g,30.0,5.0,logdistance,2mbps,21.597751,0.7199250333333334,0.3501333333333333,0.041136,0.3655707636954066,0.3599625166666667,13.518937,0.4506312333333334,0.9959747074951344,0.0037350444444444,0.3562689637622457,0.2253156166666667,-8.078814,0.625941886263991,-0.26929379999999997,0.6259418862639912,0.6458413741618011,2.8445583801270025,-0.0374009555555556,0.09079746315743874,-0.009301799933160881,0.974555405254149,-0.13464689999999999,0.6259418862639912
80211g,30.0,10.0,friis,2mbps,21.078447,0.7026148999999999,0.3394333333333333,0.42989,0.6887869730995794,0.3513074499999999,24.314660333333336,0.8104886777777778,0.9919137500616806,0.0289100555555555,0.9278810731930748,0.4052443388888889,3.2362133333333354,1.1535318675675363,0.10787377777777785,1.1535318675675363,0.6524804167283473,2.9222638222380852,-0.4009799444444445,0.0672498907989381,0.2390941000934954,1.3471234350114938,0.05393688888888898,1.1535318675675366
80211g,30.0,10.0,friis-nakagami,2mbps,12.656415666666666,0.4218805222222222,0.2047666666666666,0.321387,0.2748364745656799,0.2109402611111111,7.528178,0.2509392666666666,0.988364511646856,0.0802267555555555,0.3596006459182259,0.1254696333333333,-5.128237666666666,0.5948112165616558,-0.17094125555555562,0.5948112165616557,0.7835978449801895,4.826784201433451,-0.24116024444444448,0.24962663566216278,0.08476417135254599,1.3084167466727172,-0.08547062777777781,0.5948112165616557
80211g,30.0,10.0,logdistance,2mbps,12.33385,0.4111283333333333,0.2003,8.2e-05,0.1999999999262522,0.2055641666666666,12.773741,0.4257913666666666,0.9972398043102928,0.0004506666666666,0.1992748744909571,0.2128956833333333,0.43989099999999937,1.0356653437491132,0.014663033333333297,1.0356653437491132,0.7969398043102928,4.978730925163719,0.0003686666666666,5.49593495934878,-0.0007251254352950987,0.9963743728221875,0.007331516666666704,1.0356653437491135
80211g,30.0,20.0,friis,2mbps,20.1696205,0.6723206833333334,0.32545,0.254226,0.5404500885459723,0.3361603416666667,26.946448,0.8982149333333332,0.992362456255651,0.0123711111111111,0.6176898691483126,0.4491074666666666,6.7768275,1.3359918199749965,0.22589424999999985,1.3359918199749963,0.666912456255651,3.0492009717488124,-0.2418548888888889,0.048661864290478155,0.07723978060234027,1.1429175093858275,0.11294712499999993,1.3359918199749963
80211g,30.0,20.0,friis-nakagami,2mbps,9.894143333333334,0.3298047777777778,0.16,0.1574993333333333,0.198022877373467,0.1649023888888889,5.2525580000000005,0.1750852666666666,0.985322153467012,0.0893948111111111,0.2252145366854173,0.0875426333333333,-4.6415853333333335,0.5308754707751353,-0.15471951111111118,0.5308754707751351,0.825322153467012,6.158263459168825,-0.0681045222222222,0.5675885047837945,0.027191659311950306,1.137315746910734,-0.07735975555555559,0.5308754707751351
80211g,30.0,20.0,logdistance,2mbps,6.16703,0.2055676666666666,0.1002,2.5333333333333334e-05,0.099999999997786,0.1027838333333333,6.508349,0.2169449666666666,0.9952285815358384,4.781111111111112e-05,0.0998757195376654,0.1084724833333333,0.34131900000000037,1.0553457661143208,0.011377300000000007,1.0553457661143208,0.8950285815358384,9.932420973411562,2.247777777777779e-05,1.8872807017543864,-0.0001242804601205988,0.9987571953987665,0.005688650000000003,1.0553457661143208
80211g,30.0,30.0,friis,2mbps,20.141330666666665,0.671377688888889,0.326,0.1393946666666666,0.4128251405344587,0.3356888444444445,25.949044666666666,0.8649681555555556,0.9936982509192614,0.0054720333333333,0.4225364304210077,0.4324840777777778,5.807714000000001,1.2883480786903323,0.19359046666666657,1.2883480786903319,0.6676982509192615,3.0481541439241147,-0.13392263333333332,0.03925568649207025,0.009711289886549013,1.0235239788787485,0.09679523333333329,1.2883480786903319
80211g,30.0,30.0,friis-nakagami,2mbps,8.813809333333333,0.2937936444444444,0.1429,0.136879,0.1748798784141028,0.1468968222222222,6.058861666666666,0.2019620555555555,0.9843027329190608,0.0477821222222222,0.149652842202559,0.1009810277777777,-2.7549476666666672,0.6874282659771628,-0.0918315888888889,0.6874282659771627,0.8414027329190608,6.88805271461904,-0.0890968777777778,0.3490829288804141,-0.02522703621154379,0.8557464904463851,-0.04591579444444449,0.6874282659771624
80211g,30.0,30.0,logdistance,2mbps,4.111367,0.1370455666666666,0.0668,1.5333333333333334e-05,0.0666666666666627,0.0685227833333333,4.400161333333333,0.1466720444444444,0.992832908014998,2.31e-05,0.066666657313434,0.0733360222222222,0.2887943333333327,1.070242898124476,0.009626477777777809,1.0702428981244765,0.926032908014998,14.862768084056857,7.766666666666665e-06,1.5065217391304346,-9.353228691555415e-09,0.9999998597015696,0.004813238888888904,1.0702428981244765
80211g,30.0,40.0,friis,2mbps,20.544098666666667,0.6848032888888889,0.3335333333333333,0.0003736666666666,0.3333327156246405,0.3424016444444444,26.083199333333337,0.8694399777777778,0.9957192606633888,0.0033538666666666,0.3249459501982872,0.4347199888888889,5.53910066666667,1.2696200381695988,0.18463668888888896,1.2696200381695988,0.6621859273300554,2.985366562052935,0.0029802,8.975557537914002,-0.008386765426353304,0.9748396570956525,0.09231834444444453,1.269620038169599
80211g,30.0,40.0,friis-nakagami,2mbps,7.366174,0.2455391333333333,0.1189666666666666,0.0990196666666666,0.1471042660237303,0.1227695666666666,4.989059,0.1663019666666666,0.98394436793108,0.0486071444444444,0.1423508700240695,0.0831509833333333,-2.377115,0.6772931239473844,-0.07923716666666669,0.6772931239473842,0.8649777012644134,8.270756805248645,-0.0504125222222222,0.49088374138919644,-0.00475339599966082,0.9676868922421732,-0.03961858333333329,0.6772931239473845
80211g,30.0,40.0,logdistance,2mbps,4.111346,0.1370448666666666,0.0668,1.7666666666666668e-05,0.066666666665089,0.0685224333333333,4.400126666666666,0.1466708888888889,0.992832908014998,2.5333333333333334e-05,0.0666666571499985,0.0733354444444444,0.2887806666666659,1.0702399327778946,0.009626022222222308,1.0702399327778955,0.926032908014998,14.862768084056857,7.666666666666666e-06,1.4339622641509433,-9.51509049329502e-09,0.9999998572736426,0.0048130111111110985,1.0702399327778946
80211g,30.0,50.0,friis,2mbps,16.439396,0.5479798666666666,0.2669333333333333,0.0001293333333333,0.2666665884295409,0.2739899333333333,19.622550500000003,0.6540850166666667,0.9944706465604726,0.0013912,0.2418825097846011,0.3270425083333333,3.183154500000004,1.1936296503837491,0.10610515000000009,1.1936296503837491,0.7275373132271392,3.725539385216556,0.0012618666666667,10.756701030930607,-0.024784078644939783,0.907059677813787,0.05305257499999999,1.193629650383749
80211g,30.0,50.0,friis-nakagami,2mbps,7.229804333333334,0.2409934777777778,0.1160666666666666,0.066092,0.1395764916033753,0.1204967388888889,5.860417666666667,0.1953472555555555,0.9861396992746188,0.0124282444444444,0.1092362049948582,0.0976736277777777,-1.3693866666666672,0.8105914622954525,-0.04564622222222231,0.8105914622954523,0.8700730326079522,8.496321360780753,-0.053663755555555595,0.18804461121534224,-0.030340286608517092,0.7826260979912509,-0.022823111111111197,0.810591462295452
80211g,30.0,50.0,logdistance,2mbps,4.111315,0.1370438333333333,0.0668,2.1666666666666664e-05,0.066666666656408,0.0685219166666666,4.399942,0.1466647333333333,0.9927905207650828,2.9022222222222223e-05,0.0666666541135745,0.0733323666666666,0.28862699999999997,1.0702030858739844,0.009620899999999988,1.0702030858739844,0.9259905207650828,14.862133544387467,7.355555555555559e-06,1.3394871794871797,-1.2542833494055827e-08,0.9999998118574975,0.004810450000000008,1.0702030858739846
80211g,50.0,5.0,friis,2mbps,21.01306,0.4202611999999999,0.2024999999999999,0.4437626666666667,0.4868387015968107,0.2101305999999999,15.0052135,0.3001042699999999,0.9928101575269844,0.0335807299999999,0.9041376207168872,0.1500521349999999,-6.007846499999999,0.7140898802934937,-0.12015693,0.7140898802934936,0.7903101575269845,4.902766210009802,-0.4101819366666668,0.07567272445932037,0.4172989191200765,1.8571605292499413,-0.060078465,0.7140898802934935
80211g,50.0,5.0,friis-nakagami,2mbps,14.679159333333333,0.2935831866666666,0.1423,0.2799326666666666,0.2116517797009399,0.1467915933333333,8.654031666666667,0.1730806333333333,0.984043471571212,0.10850674,0.3714636258578707,0.0865403166666666,-6.025127666666666,0.5895454548963953,-0.12050255333333332,0.5895454548963953,0.841743471571212,6.915273869087926,-0.17142592666666662,0.3876172841564282,0.15981184615693078,1.7550697016710277,-0.0602512766666667,0.589545454896395
80211g,50.0,5.0,logdistance,2mbps,21.63182,0.4326364,0.21055,0.027118,0.2192217124329223,0.2163182,13.479658666666666,0.2695931733333334,0.9921722767885348,0.0019758733333333,0.2008287019583159,0.1347965866666667,-8.152161333333336,0.6231402936353329,-0.1630432266666666,0.6231402936353331,0.7816222767885348,4.712288182325029,-0.0251421266666667,0.07286205964058191,-0.018393010474606397,0.9160985913736336,-0.0815216133333333,0.6231402936353331
80211g,50.0,10.0,friis,2mbps,19.733782,0.39467564,0.1906,0.3234483333333333,0.4156860631318403,0.19733782,14.118183666666669,0.2823636733333333,0.988210777752604,0.0336036533333333,0.6848277222439053,0.1411818366666666,-5.615598333333333,0.7154322302063876,-0.11231196666666671,0.7154322302063875,0.797610777752604,5.184736504473264,-0.28984467999999997,0.10389187350890655,0.269141659112065,1.6474637544600652,-0.05615598333333341,0.7154322302063871
80211g,50.0,10.0,friis-nakagami,2mbps,12.255689333333336,0.2451137866666667,0.1190666666666666,0.1581856666666666,0.1563054024065822,0.1225568933333333,6.356183999999999,0.12712368,0.9817259259388944,0.1183260933333333,0.1999015243993687,0.06356184,-5.899505333333337,0.5186312925469062,-0.1179901066666667,0.5186312925469063,0.8626592592722278,8.245178549318826,-0.039859573333333315,0.7480203221109372,0.04359612199278651,1.27891628390031,-0.05899505333333331,0.5186312925469064
80211g,50.0,10.0,logdistance,2mbps,12.333838,0.24667676,0.1203,4.833333333333333e-05,0.1199999999489181,0.12333838,13.026380666666668,0.2605276133333333,0.9952370391571832,0.0002940866666666,0.119828778755546,0.1302638066666666,0.6925426666666681,1.0561498105185643,0.013850853333333302,1.056149810518564,0.8749370391571832,8.272959593991548,0.00024575333333326667,6.084551724136553,-0.00017122119337210917,0.9985731567212917,0.006925426666666595,1.0561498105185636
80211g,50.0,20.0,friis,2mbps,20.088698,0.40177396,0.1950333333333333,0.1532873333333333,0.3215614855509351,0.20088698,13.436515666666669,0.2687303133333333,0.990463294475734,0.0074917533333333,0.3602305425098897,0.1343651566666666,-6.652182333333332,0.6688594585207398,-0.13304364666666668,0.6688594585207397,0.7954299611424007,5.0784308381938175,-0.14579558,0.04887392304647895,0.03866905695895456,1.1202540064544808,-0.0665218233333334,0.6688594585207394
80211g,50.0,20.0,friis-nakagami,2mbps,10.318599333333331,0.2063719866666666,0.1003333333333333,0.10596,0.1233603956918634,0.1031859933333333,5.243088333333334,0.1048617666666666,0.9811458111234788,0.0470249399999999,0.1282237321363911,0.0524308833333333,-5.075510999999998,0.5081201589440532,-0.10151021999999998,0.5081201589440529,0.8808124777901455,9.778861904885174,-0.0589350600000001,0.4437989807474509,0.004863336444527702,1.0394238071080415,-0.05075510999999999,0.5081201589440529
80211g,50.0,20.0,logdistance,2mbps,6.16703,0.1233405999999999,0.0602,1.5333333333333334e-05,0.0599999999986716,0.0616702999999999,6.5993010000000005,0.13198602,0.99200339749764,2.304e-05,0.0599999884542282,0.06599301,0.43227100000000096,1.0700938701449483,0.008645420000000112,1.0700938701449492,0.93180339749764,16.478461752452493,7.706666666666665e-06,1.5026086956521738,-1.1544443401234616e-08,0.99999980759261,0.0043227100000001045,1.07009387014495
80211g,50.0,30.0,friis,2mbps,20.07472933333333,0.4014945866666666,0.1949999999999999,0.0847816666666666,0.2504027121964811,0.2007472933333333,13.118751333333334,0.2623750266666667,0.9918746952736872,0.00329154,0.2487726868232086,0.1311875133333333,-6.955977999999996,0.653495801387974,-0.13911955999999992,0.653495801387974,0.7968746952736874,5.086536898839424,-0.0814901266666666,0.03882372368239992,-0.0016300253732724757,0.993490384513114,-0.06955977999999999,0.6534958013879739
80211g,50.0,30.0,friis-nakagami,2mbps,8.802343666666667,0.1760468733333333,0.0855,0.063125,0.1053006920937697,0.0880234366666666,5.879228666666667,0.1175845733333333,0.983668227318652,0.0336988266666666,0.1016451914870665,0.0587922866666666,-2.923115,0.6679162833565045,-0.058462299999999995,0.6679162833565045,0.898168227318652,11.504891547586572,-0.029426173333333402,0.533842798679867,-0.0036555006067032075,0.965285122689906,-0.02923114999999999,0.6679162833565044
80211g,50.0,30.0,logdistance,2mbps,4.111367,0.08222734,0.0401,9.5e-06,0.0399999999999976,0.04111367,4.400541666666666,0.0880108333333333,0.987848099707742,1.4166666666666668e-05,0.0399999927359331,0.0440054166666666,0.2891746666666659,1.0703354058800068,0.005783493333333306,1.0703354058800068,0.947748099707742,24.634615952811522,4.666666666666667e-06,1.4912280701754386,-7.264064502687795e-09,0.9999998183983875,0.0028917466666666045,1.0703354058800054
80211g,50.0,40.0,friis,2mbps,20.55138733333333,0.4110277466666667,0.2004666666666666,0.0001703333333333,0.1999999461309618,0.2055138733333333,12.967121333333331,0.2593424266666667,0.9934806662844236,0.00206628,0.1960997319175767,0.1296712133333333,-7.5842659999999995,0.6309608749527729,-0.15168532,0.6309608749527729,0.793013999617757,4.955839705442753,0.0018959466666667003,12.13080234833897,-0.0039002142133851003,0.9804989236805534,-0.07584265999999998,0.6309608749527729
80211g,50.0,40.0,friis-nakagami,2mbps,7.604507000000001,0.1520901399999999,0.0736,0.0742303333333333,0.0911373224893673,0.0760450699999999,5.209424333333334,0.1041884866666666,0.9804121150038854,0.0367706266666666,0.0820760560727235,0.0520942433333333,-2.395082666666667,0.6850443208656831,-0.04790165333333331,0.6850443208656831,0.9068121150038854,13.320816779944096,-0.0374597066666667,0.49535850124163006,-0.009061266416643801,0.9005756788861012,-0.0239508266666666,0.6850443208656836
80211g,50.0,40.0,logdistance,2mbps,4.111346,0.08222692,0.0401,1.0666666666666666e-05,0.0399999999990534,0.04111346,4.400476,0.08800952,0.987848099707742,1.5666666666666667e-05,0.0399999928876567,0.04400476,0.2891300000000001,1.0703249008962028,0.005782599999999999,1.0703249008962028,0.947748099707742,24.634615952811522,5.000000000000001e-06,1.4687500000000002,-7.111396693737504e-09,0.9999998222150827,0.0028912999999999994,1.0703249008962028
80211g,50.0,50.0,friis,2mbps,16.442544666666667,0.3288508933333333,0.1604,7.666666666666667e-05,0.1599999844520276,0.1644254466666666,12.918435333333331,0.2583687066666666,0.9935988664686108,0.00086728,0.1568228102673143,0.1291843533333333,-3.5241093333333353,0.7856712932957618,-0.07048218666666667,0.7856712932957619,0.8331988664686109,6.194506648806802,0.0007906133333333333,11.312347826086956,-0.003177174184713305,0.9801426594159082,-0.035241093333333307,0.785671293295762
80211g,50.0,50.0,friis-nakagami,2mbps,7.30835,0.146167,0.0711333333333333,0.0396156666666666,0.0847249021574423,0.0730835,5.796689333333333,0.1159337866666666,0.9823393392456542,0.0092771466666666,0.0683828063557905,0.0579668933333333,-1.5116606666666668,0.7931597875489451,-0.030233213333333397,0.7931597875489447,0.9112060059123209,13.809831385833945,-0.030338519999999997,0.23417873400253983,-0.0163420958016518,0.8071157902161555,-0.015116606666666699,0.7931597875489447
80211g,50.0,50.0,logdistance,2mbps,4.111315,0.0822263,0.0401,1.3333333333333332e-05,0.0399999999938448,0.04111315,4.400471666666667,0.0880094333333333,0.987848099707742,1.812e-05,0.0399999933544769,0.0440047166666666,0.28915666666666695,1.0703319173224788,0.005783133333333301,1.0703319173224783,0.947748099707742,24.634615952811522,4.786666666666668e-06,1.3590000000000002,-6.639367902683269e-09,0.9999998340158024,0.002891566666666602,1.0703319173224772
